{
  "Sem": "https://api.somtoday.nl/rest/v1/icalendar/stream/b5073eeb-a018-4595-8d6a-ae7425a507a1/e2eccaeb-9c58-4f6c-b3c0-24032ad47db1",
  "Tijs": "https://api.somtoday.nl/rest/v1/icalendar/stream/b5073eeb-a018-4595-8d6a-ae7425a507a1/458fedaf-204d-4e4a-ba40-dcee0a32eebf",
  "Martijn": "https://api.somtoday.nl/rest/v1/icalendar/stream/b5073eeb-a018-4595-8d6a-ae7425a507a1/a9d7458f-3088-48bb-b767-20e7ea8668cc",
  "Dion": "https://api.somtoday.nl/rest/v1/icalendar/stream/b5073eeb-a018-4595-8d6a-ae7425a507a1/67a9dfc0-61d0-43a2-8003-b6f8535079dc",
  "Eric": "https://api.somtoday.nl/rest/v1/icalendar/stream/b5073eeb-a018-4595-8d6a-ae7425a507a1/e6d38e04-406e-4502-ae63-9c2c20a2c9a3",
  "Jayden": 
"https://api.somtoday.nl/rest/v1/icalendar/stream/b5073eeb-a018-4595-8d6a-ae7425a507a1/09fc4367-806f-4a0c-a0aa-b4724a46fcf6"
}

 
